{"cameraMode":{"drawMode":0,"name":"Shaded","section":"Shading Mode"},"sceneLighting":true,"audioPlay":false,"sceneViewState":{"showFog":true,"showMaterialUpdate":false,"showSkybox":true,"showFlares":true,"showImageEffects":true,"showParticleSystems":true},"in2DMode":false,"pivot":{"x":-26.830909729003908,"y":23.663793563842775,"z":-3.7284467220306398},"rotation":{"x":0.06642895936965943,"y":-0.8799039125442505,"z":0.4523968994617462,"w":0.12920324504375459},"size":28.260459899902345,"orthographic":true}